Player,Tm,2017-18,2018-19,2019-20,2020-21,2021-22,2022-23,Signed Using,Guaranteed
Stephen Curry\curryst01,GSW,34682550,37457154,40231758,43006362,45780966,,Bird Rights,201158790
LeBron James\jamesle01,CLE,33285709,35607968,,,,,Early Bird,33285709
Paul Millsap\millspa01,DEN,31269231,29730769,30500000,,,,Cap space,61000000
Gordon Hayward\haywago01,BOS,29727900,31214295,32700690,34187085,,,Cap space,93642885
Blake Griffin\griffbl01,LAC,29700000,32076000,34452000,36828000,39204000,,Bird Rights,172260000
Mike Conley\conlemi01,MEM,28530608,30521115,32511623,34504132,,,Cap Space,113989729
Russell Westbrook\westbru01,OKC,28530608,30670404,,,,,Bird Rights,28530608
James Harden\hardeja01,HOU,28299339,30431854,37800000,40824000,43848000,,Bird Rights,181203193
DeMar DeRozan\derozde01,TOR,27739975,27739975,27739975,27739975,,,Cap Space,83219925
Al Horford\horfoal01,BOS,27734405,28928710,30123015,,,,Cap Space,56663115
Carmelo Anthony\anthoca01,NYK,26243760,27928140,,,,,Bird Rights,26243760
Damian Lillard\lillada01,POR,26153057,27977689,29802321,31626953,,,1st Round Pick,115560020
Chris Bosh\boshch01,MIA,25289390,26837720,,,,,,52127110
Kevin Durant\duranke01,GSW,25000000,26250000,,,,,Non-Bird Rights,25000000
Otto Porter\porteot01,WAS,24773250,26011913,27250576,28489239,,,Bird Rights,78035739
Jrue Holiday\holidjr01,NOP,24657534,24928767,25200000,25471233,25742466,,Bird Rights,100257534
Chris Paul\paulch01,HOU,24599495,,,,,,Bird Rights,24599495
C.J. McCollum\mccolcj01,POR,23962573,25759766,27556959,29354152,,,1st Round Pick,106633450
Dwyane Wade\wadedw01,CHI,23800000,,,,,,Cap Space,23800000
Bradley Beal\bealbr01,WAS,23775506,25434263,27093019,28751775,,,Cap Space,105054563
Anthony Davis\davisan02,NOP,23775506,25434263,27093019,28751775,,,1st Round Pick,76302788
Andre Drummond\drumman01,DET,23775506,25434263,27093019,28751775,,,Cap Space,76302788
Hassan Whiteside\whiteha01,MIA,23775506,25434263,27093018,,,,Cap Space,49209769
Dwight Howard\howardw01,CHO,23500000,23819725,,,,,Cap Space,47319725
Chandler Parsons\parsoch01,MEM,23112004,24107258,25102511,,,,Cap Space,72321773
Harrison Barnes\barneha02,DAL,23112004,24107258,25102512,,,,Cap Space,47219262
J.J. Redick\redicjj01,PHI,23000000,,,,,,Cap space,23000000
Marc Gasol\gasolma01,MEM,22642350,24119025,25595700,,,,Bird Rights,46761375
Kevin Love\loveke01,CLE,22642350,24119025,25595700,,,,Bird Rights,46761375
Brook Lopez\lopezbr01,LAL,22642350,,,,,,Bird Rights,22642350
DeAndre Jordan\jordade01,LAC,22642350,24119025,,,,,Bird Rights,22642350
Steven Adams\adamsst01,OKC,22471910,24157303,25842697,27528090,,,1st Round Pick,100000000
Giannis Antetokounmpo\antetgi01,MIL,22471910,24157303,25842697,27528090,,,1st Round Pick,100000000
Nicolas Batum\batumni01,CHO,22434783,24000000,25565217,27130434,,,Cap Space,72000000
LaMarcus Aldridge\aldrila01,SAS,21461010,22347015,,,,,Cap Space,21461010
Rudy Gobert\goberru01,UTA,21224719,22741573,24258427,25775281,,,1st Round Pick,94000000
Victor Oladipo\oladivi01,IND,21000000,21000000,21000000,21000000,,,1st Round Pick,84000000
Danilo Gallinari\gallida01,LAC,20559599,21587579,22615559,,,,Sign and Trade,64762737
George Hill\hillge01,SAC,20000000,19000000,18000000,,,,Cap space,40000000
Ryan Anderson\anderry01,HOU,19578455,20421546,21264635,,,,Cap Space,61264636
Paul George\georgpa01,OKC,19508958,20703384,,,,,1st Round Pick,19508958
Allen Crabbe\crabbal01,BRK,19332500,18500000,18500000,,,,Cap Space,37832500
Jimmy Butler\butleji01,MIN,19301070,20445779,19841627,,,,Bird Rights,39746849
Jeff Teague\teaguje01,MIN,19000000,19000000,19000000,,,,Cap space,38000000
Kawhi Leonard\leonaka01,SAS,18868625,20099189,21329752,,,,Bird Rights,38967814
Kyrie Irving\irvinky01,CLE,18868625,20099188,21329750,,,,Bird Rights,38967813
John Wall\walljo01,WAS,18063850,19169800,37800000,40824000,43848000,,Bird Rights,159705650
DeMarcus Cousins\couside01,NOP,18063850,,,,,,1st Round Pick,18063850
Enes Kanter\kanteen01,OKC,17884176,18622514,,,,,Bird Rights,17884176
Greg Monroe\monrogr01,MIL,17884176,,,,,,Cap Space,17884176
Wesley Matthews\matthwe02,DAL,17884176,18622514,,,,,Cap Space,17884176
Klay Thompson\thompkl01,GSW,17826150,18988725,,,,,1st Round Pick,36814875
Joakim Noah\noahjo01,NYK,17765000,18530000,19295000,,,,Cap Space,55590000
Kentavious Caldwell-Pope\caldwke01,LAL,17745894,,,,,,Cap space,17745894
Luol Deng\denglu01,LAL,17190000,18000000,18810000,,,,Cap Space,54000000
Evan Turner\turneev01,POR,17131148,17868852,18606557,,,,Cap Space,53606557
Goran Dragic\dragigo01,MIA,17000450,18109175,19217900,,,,Bird Rights,35109625
Evan Fournier\fournev01,ORL,17000000,17000000,17000000,17000000,,,Cap Space,51000000
Bismack Biyombo\biyombi01,ORL,17000000,17000000,17000000,,,,Cap Space,34000000
Kent Bazemore\bazemke01,ATL,16910113,18089887,19269662,,,,Cap Space,35000000
Ian Mahinmi\mahinia01,WAS,16661641,15944154,15450051,,,,Cap Space,48055846
Tim Hardaway\hardati02,NYK,16500000,17325000,18150000,18975000,,,Cap space,51975000
Draymond Green\greendr01,GSW,16400000,17469565,18539130,,,,Bird Rights,52408695
Tristan Thompson\thomptr01,CLE,16400000,17469565,18539130,,,,Bird Rights,52408695
Reggie Jackson\jacksre01,DET,16000000,17043478,18086956,,,,Bird Rights,51130434
Tobias Harris\harrito02,DET,16000000,14800000,,,,,Bird Rights,30800000
Dennis Schroder\schrode01,ATL,15500000,15500000,15500000,15500000,,,1st Round Pick,62000000
Jonas Valanciunas\valanjo01,TOR,15460675,16539326,17617977,,,,1st Round Pick,32000001
Tony Parker\parketo01,SAS,15453126,,,,,,Bird Rights,15453126
Timofey Mozgov\mozgoti01,BRK,15280000,16000000,16720000,,,,Cap Space,48000000
Pau Gasol\gasolpa01,SAS,15238095,16000000,16761905,,,,,38000000
Andre Iguodala\iguodan01,GSW,14814815,16000000,17185185,,,,Bird Rights,48000000
DeMarre Carroll\carrode01,BRK,14800000,15400000,,,,,Cap Space,30200000
Thaddeus Young\youngth01,IND,14796348,13764045,,,,,Bird Rights,14796348
Eric Bledsoe\bledser01,PHO,14500000,15000000,,,,,Bird Rights,29500000
Jamal Crawford\crawfja01,ATL,14264988,3000000,,,,,,17264988
Ricky Rubio\rubiori01,UTA,14250000,14950000,,,,,1st Round Pick,29200000
Gorgui Dieng\dienggo01,MIN,14112360,15170787,16229213,17287640,,,1st Round Pick,62800000
Khris Middleton\middlkh01,MIL,14100000,13000000,13000000,,,,Bird Rights,27100000
Taj Gibson\gibsota01,MIN,14000000,14000000,,,,,Cap space,28000000
James Johnson\johnsja01,MIA,13954000,14651700,15349400,,,,Cap space,43955100
Robin Lopez\lopezro01,CHI,13788500,14357750,,,,,Cap Space,28146250
J.R. Smith\smithjr01,CLE,13760000,14720000,15680000,,,,Bird Rights,32350000
Brandon Knight\knighbr03,PHO,13618750,14631250,15643750,,,,,43893750
Marvin Williams\willima02,CHO,13168750,14087500,15006250,,,,Cap Space,27256250
Tyson Chandler\chandty01,PHO,13000000,13585000,,,,,Cap Space,26585000
Michael Kidd-Gilchrist\kiddgmi01,CHO,13000000,13000000,13000000,,,,1st Round Pick,26000000
Eric Gordon\gordoer01,HOU,12943020,13500375,14057730,,,,Cap Space,40501125
Kenneth Faried\farieke01,DEN,12921348,13764045,,,,,1st Round Pick,26685393
Marcin Gortat\gortama01,WAS,12782609,13565218,,,,,Bird Rights,26347827
Cody Zeller\zelleco01,CHO,12584270,13528090,14471910,15415730,,,1st Round Pick,56000000
Miles Plumlee\plumlmi01,ATL,12500000,12500000,12500000,,,,Bird Rights,37500000
Zach Randolph\randoza01,SAC,12307692,11692308,,,,,Cap space,24000000
Nikola Vucevic\vucevni01,ORL,12250000,12750000,,,,,Bird Rights,25000000
Wilson Chandler\chandwi01,DEN,12016854,12800562,,,,,,12016854
Kemba Walker\walkeke02,CHO,12000000,12000000,,,,,1st Round Pick,24000000
Derrick Favors\favorde01,UTA,12000000,,,,,,1st Round Pick,12000000
Jeremy Lin\linje01,BRK,12000000,12516746,,,,,Cap Space,12000000
Austin Rivers\riverau01,LAC,11825000,12650000,,,,,Cap Space,11825000
Courtney Lee\leeco01,NYK,11747890,12253780,12759670,,,,Cap Space,36761340
Solomon Hill\hillso01,NOP,11747073,12252928,12758781,,,,Cap Space,36758782
Nikola Pekovic\pekovni01,MIN,11600000,,,,,,,11600000
Jordan Clarkson\clarkjo01,LAL,11562500,12500000,13437500,,,,Cap Space,37500000
John Henson\hensojo01,MIL,11422536,10577466,9732396,,,,1st Round Pick,31732398
Dion Waiters\waitedi01,MIA,11000000,11550000,12100000,12650000,,,Cap space,47300000
Amir Johnson\johnsam01,PHI,11000000,,,,,,Cap space,11000000
Alec Burks\burksal01,UTA,10845506,11536515,,,,,1st Round Pick,22382021
Kelly Olynyk\olynyke01,MIA,10607169,11137527,11667885,12198243,,,Cap space,33412581
Omer Asik\asikom01,NOP,10595505,11286516,11977527,,,,Bird Rights,24882021
Joe Johnson\johnsjo02,UTA,10505000,,,,,,Cap Space,10505000
Terrence Ross\rosste01,ORL,10500000,10500000,,,,,Rookie scale extension,21000000
Mirza Teletovic\teletmi01,MIL,10500000,10500000,,,,,Cap Space,21000000
Bojan Bogdanovic\bogdabo02,IND,10500000,10500000,,,,,Cap space,12000000
Jon Leuer\leuerjo01,DET,10497319,10002681,9508043,,,,Cap Space,30008043
Iman Shumpert\shumpim01,CLE,10337079,11011234,,,,,Bird Rights,10337079
Maurice Harkless\harklma01,POR,10162922,10837079,11511234,,,,Cap Space,32511235
Jared Dudley\dudleja01,PHO,10000000,9530000,,,,,Cap Space,19530000
Danny Green\greenda02,SAS,10000000,10000000,,,,,Bird Rights,10000000
Meyers Leonard\leoname01,POR,9904495,10595506,11286515,,,,Cap Space,31786516
Al Jefferson\jeffeal01,IND,9769821,10000000,,,,,Cap Space,13769821
Matthew Dellavedova\dellama01,MIL,9607500,9607500,9607500,,,,Cap Space,28822500
Bogdan Bogdanovic\bogdabo01,SAC,9470614,9000000,8529386,,,,Cap space,27000000
Andre Roberson\roberan03,OKC,9259259,10000000,10740741,,,,Bird Rights,30000000
Trevor Booker\booketr01,BRK,9125000,,,,,,Cap Space,9125000
Dwight Powell\poweldw01,DAL,9003125,9631250,10259375,,,,Cap Space,18634375
Jerryd Bayless\bayleje01,PHI,9000000,8575916,,,,,Cap Space,17575916
Avery Bradley\bradlav01,DET,8808989,,,,,,Bird Rights,8808989
E'Twaun Moore\mooreet01,NOP,8445024,8808685,8664928,,,,Cap Space,25918637
Rudy Gay\gayru01,SAS,8406000,8826300,,,,,MLE,8406000
Kosta Koufos\koufoko01,SAC,8393000,8739500,,,,,Cap Space,8393000
Markieff Morris\morrima02,WAS,8000000,8600000,,,,,Bird Rights,16600000
Vince Carter\cartevi01,SAC,8000000,,,,,,Cap space,8000000
Garrett Temple\templga01,SAC,8000000,8000000,,,,,Cap Space,8000000
Cristiano Felicio\feliccr01,CHI,7843500,8470980,8156500,7529020,,,Cap space,32000000
Shaun Livingston\livinsh01,GSW,7692308,8307692,7692308,,,,Bird Rights,18000000
Cory Joseph\josepco01,IND,7630000,7945000,,,,,Cap Space,7630000
P.J. Tucker\tuckepj01,HOU,7590385,7742193,7894000,8045808,,,MLE,25226578
Corey Brewer\breweco01,LAL,7579366,,,,,,Cap Space,7579366
Andrew Wiggins\wiggian01,MIN,7574322,,,,,,1st Round Pick,7574322
Darrell Arthur\arthuda01,DEN,7464912,7464912,,,,,Cap Space,7464912
Trevor Ariza\arizatr01,HOU,7420912,,,,,,Bird Rights,7420912
Channing Frye\fryech01,CLE,7420912,,,,,,Cap Space,7420912
Al-Farouq Aminu\aminual01,POR,7319035,6957105,,,,,Cap Space,14276140
Cole Aldrich\aldrico01,MIN,7300000,6956021,,,,,Cap Space,9356021
D.J. Augustin\augusdj01,ORL,7250000,7250000,7250000,,,,Cap Space,21750000
Markelle Fultz\fultzma01,PHI,7026240,8339880,9745200,12288697,,,1st Round Pick,15366120
Kyle Korver\korveky01,CLE,7000000,7560000,7500000,,,,Bird Rights,18000000
Jeremy Lamb\lambje01,CHO,7000000,7488372,,,,,Rookie scale extension,14488372
Boban Marjanovic\marjabo01,DET,7000000,7000000,,,,,Cap Space,14000000
Lou Williams\willilo02,LAC,7000000,,,,,,Cap Space,7000000
Jae Crowder\crowdja01,BOS,6796117,7305825,7815533,,,,Bird Rights,21917475
Jabari Parker\parkeja01,MIL,6782392,,,,,,1st Round Pick,6782392
Langston Galloway\gallola01,DET,6666667,7000000,7333333,,,,MLE,21000000
Lance Thomas\thomala01,NYK,6655325,7119650,7583975,,,,Cap Space,13774975
Marco Belinelli\belinma01,ATL,6606060,,,,,,Cap Space,6606060
Andrew Nicholson\nichoan01,POR,6362998,6637002,6911007,,,,Cap Space,13000000
Ed Davis\davised01,POR,6352531,,,,,,Cap Space,6352531
Jonathon Simmons\simmojo02,ORL,6300000,6000000,5700000,,,,Cap space,13300000
Lonzo Ball\balllo01,LAL,6286560,7461960,8719320,11003782,,,1st Round Pick,13748520
Wayne Ellington\ellinwa01,MIA,6270000,,,,,,Cap Space,6270000
Isaiah Thomas\thomais02,BOS,6261395,,,,,,,6261395
Karl-Anthony Towns\townska01,MIN,6216840,7839435,,,,,1st round pick,6216840
Ben Simmons\simmobe01,PHI,6168840,6434520,8113930,,,,1st Round pick,6168840
Joel Embiid\embiijo01,PHI,6100266,,,,,,1st Round Pick,6100266
Spencer Hawes\hawessp01,MIL,6021175,,,,,,MLE,6021175
Josh McRoberts\mcrobjo01,DAL,6021175,,,,,,MLE,6021175
Ish Smith\smithis01,DET,6000000,6000000,,,,,Cap Space,12000000
Milos Teodosic\teodomi01,LAC,6000000,6300000,,,,,Cap space,6000000
Dewayne Dedmon\dedmode01,ATL,6000000,6300000,,,,,Cap space,6000000
Ersan Ilyasova\ilyaser01,ATL,6000000,,,,,,Cap space,6000000
Brandan Wright\wrighbr03,MEM,5955760,,,,,,MLE,5955760
Tyler Johnson\johnsty01,MIA,5881260,19245370,19245370,,,,Cap Space,25126630
Wesley Johnson\johnswe01,LAC,5881260,6134000,,,,,Cap Space,5881260
Alex Abrines\abrinal01,OKC,5725000,5455236,,,,,Cap Space,11180236
Jayson Tatum\tatumja01,BOS,5645400,6700800,7830000,9897120,,,1st Round Pick,12346200
D'Angelo Russell\russeda01,BRK,5562360,7019698,,,,,1st round pick,5562360
Brandon Ingram\ingrabr01,LAL,5519400,5757120,7265485,,,,1st Round pick,5519400
Patrick Beverley\beverpa01,LAC,5513514,5027028,,,,,Bird Rights,5513514
Aaron Gordon\gordoaa01,ORL,5504420,,,,,,1st Round Pick,5504420
Deron Williams\willide01,BRK,5500000,5500000,5500000,,,,,16500000
Josh Smith\smithjo03,DET,5400000,5400000,5400000,,,,,16200000
Alan Williams\willial03,PHO,5246914,5666667,6086420,,,,Cap space,5246914
Jason Smith\smithja02,WAS,5225000,5450000,,,,,Cap Space,5225000
Ben McLemore\mclembe01,MEM,5200000,5460000,,,,,MLE,10660000
Patrick Patterson\pattepa01,OKC,5192000,5451600,5711200,,,,MLE,10643600
Nick Young\youngni01,GSW,5192000,,,,,,,5192000
Josh Jackson\jacksjo02,PHO,5090040,6041520,7059480,8930242,,,1st Round Pick,11131560
Marcus Morris\morrima03,BOS,5000000,5375000,,,,,Bird Rights,10375000
Dirk Nowitzki\nowitdi01,DAL,5000000,5000000,,,,,Cap space,5000000
Mike Muscala\muscami01,ATL,5000000,5000000,,,,,Cap space,5000000
Jahlil Okafor\okafoja01,PHI,4995120,6313832,,,,,1st round pick,4995120
Dante Exum\exumda01,UTA,4992385,,,,,,1st Round Pick,4992385
Alexis Ajinca\ajincal01,NOP,4961798,5285394,,,,,Early Bird Rights,10247192
Jaylen Brown\brownja02,BOS,4956480,5169960,6534829,,,,1st Rd pick,4956480
Jameer Nelson\nelsoja01,DEN,4736050,,,,,,Cap Space,4736050
Kyle Singler\singlky01,OKC,4666500,4996000,5333500,,,,Bird Rights,9662500
Justin Holiday\holidju01,CHI,4615385,4384616,,,,,Cap space,9000001
De'Aaron Fox\foxde01,SAC,4609200,5407920,6392760,8099627,,,1st Round Pick,10017120
Marcus Smart\smartma01,BOS,4538020,,,,,,1st Round Pick,4538020
Kristaps Porzingis\porzikr01,NYK,4503600,5697054,,,,,1st round pick,4503600
Dragan Bender\bendedr01,PHO,4468800,4661280,5896519,,,,1st Round pick,4468800
Devin Harris\harride01,DAL,4402546,,,,,,Cap Space,1339662
Jamal Crawford\crawfja01,MIN,4328000,,,,,,,4328000
Aron Baynes\baynear01,BOS,4328000,,,,,,Room Exception,4328000
Lavoy Allen\allenla01,IND,4300000,,,,,,,
Jonathan Isaac\isaacjo01,ORL,4186320,4969080,5806440,7362566,,,1st Round Pick,9155400
Lance Stephenson\stephla01,IND,4180000,4360000,,,,,Cap space,4180000
Julius Randle\randlju01,LAL,4149242,,,,,,1st Round Pick,4149242
Kyle O'Quinn\oquinky01,NYK,4087500,4256250,,,,,Bird Rights,4087500
Mario Hezonja\hezonma01,ORL,4078320,5167231,,,,,1st round pick,4078320
Kris Dunn\dunnkr01,CHI,4046760,4221000,5348007,,,,1st Round pick,4046760
Nemanja Bjelica\bjeline01,MIN,3949999,,,,,,MLE,3949999
J.J. Barea\bareajo01,DAL,3903900,3710850,,,,,Cap Space,7614750
Quincy Pondexter\pondequ01,NOP,3853931,,,,,,1st Round Pick,3853931
Lauri Markkanen\markkla01,CHI,3821640,4536120,5300400,6731508,,,1st Round Pick,8357760
Nik Stauskas\stausni01,PHI,3807146,,,,,,1st Round Pick,3807146
Willie Cauley-Stein\caulewi01,SAC,3704160,4696875,,,,,1st round pick,3704160
Buddy Hield\hieldbu01,SAC,3675480,3833760,4861208,,,,1st Round pick,3675480
Will Barton\bartowi01,DEN,3533333,,,,,,Bird Rights,3533333
Noah Vonleh\vonleno01,POR,3505233,,,,,,1st Round Pick,3505233
Frank Ntilikina\ntilila01,NYK,3501120,4155720,4855800,6176578,,,1st Round Pick,7656840
Nene Hilario\hilarne01,HOU,3477600,3651480,3825360,,,,Non-Bird Rights,10954440
Zaza Pachulia\pachuza01,GSW,3477600,,,,,,,3477600
Troy Daniels\danietr01,MEM,3408520,3258540,,,,,Cap Space,6667060
Emmanuel Mudiay\mudiaem01,DEN,3381480,4294480,,,,,1st round pick,3381480
Jamal Murray\murraja01,DEN,3355320,3499800,4444746,,,,1st Round pick,3355320
Elfrid Payton\paytoel01,ORL,3332340,,,,,,1st Round Pick,3332340
Doug McDermott\mcderdo01,OKC,3294994,,,,,,1st Round Pick,3294994
Jodie Meeks\meeksjo01,WAS,3290000,3454500,,,,,Bi-annual Exception,3290000
Rajon Rondo\rondora01,NOP,3290000,,,,,,MLE,3290000
Tyreke Evans\evansty01,MEM,3290000,,,,,,Bi-annual Exception,3290000
Tarik Black\blackta01,HOU,3290000,,,,,,Bi-annual Exception,3290000
Anthony Tolliver\tollian01,DET,3290000,,,,,,Bi-annual Exception,3290000
Dennis Smith\smithde03,DAL,3218280,3819960,4463640,5686677,,,1st Round Pick,7038240
Zach LaVine\lavinza01,CHI,3202217,,,,,,1st Round Pick,3202217
T.J. Warren\warretj01,PHO,3152931,,,,,,1st Round Pick,3152931
Stanley Johnson\johnsst04,DET,3097800,3940402,,,,,1st round pick,3097800
Marquese Chriss\chrisma01,PHO,3073800,3206160,4078236,,,,1st Rd pick,3073800
Zach Collins\colliza01,POR,3057240,3628920,4240200,5406255,,,1st Round Pick,6686160
James Ennis\ennisja01,MEM,3028410,,,,,,Room exception,3028410
Seth Curry\curryse01,DAL,3028410,,,,,,Room exception,3028410
Mindaugas Kuzminskas\kuzmimi01,NYK,3025035,,,,,,Room Exception,3025035
Tomas Satoransky\satorto01,WAS,3000000,3129187,,,,,Cap Space,6129187
Justin Hamilton\hamilju01,TOR,3000000,,,,,,,3000000
Rajon Rondo\rondora01,CHI,3000000,,,,,,,3000000
Lucas Nogueira\noguelu01,TOR,2947305,,,,,,1st Round Pick,2947305
Jusuf Nurkic\nurkiju01,POR,2947305,,,,,,1st Round Pick,2947305
Malik Monk\monkma01,CHO,2904480,3447480,4028400,5345687,,,1st Round Pick,6351960
Frank Kaminsky\kaminfr01,CHO,2847600,3627842,,,,,1st round pick,2847600
Jakob Poeltl\poeltja01,TOR,2825640,2947320,3754886,,,,1st Round pick,2825640
Luke Kennard\kennalu01,DET,2759280,3275280,3827160,5273826,,,1st Round Pick,6034560
Justise Winslow\winslju01,MIA,2705040,3448926,,,,,1st round pick,2705040
Michael Carter-Williams\cartemi01,CHO,2700000,,,,,,Bi-annual Exception,2700000
Thon Maker\makerth01,MIL,2684160,2799720,3569643,,,,1st Round pick,2684160
Cedi Osman\osmande01,CLE,2642857,2775000,2907143,,,,MLE,8325000
Donovan Mitchell\mitchdo01,UTA,2621280,3111480,3635760,5195501,,,1st Round Pick,5732760
Myles Turner\turnemy01,IND,2569920,3410284,,,,,1st round pick,2569920
Gary Harris\harriga01,DEN,2550055,,,,,,1st Round Pick,2550055
Domantas Sabonis\sabondo01,IND,2550000,2659800,3529555,,,,1st Round pick,2550000
Reggie Bullock\bullore01,DET,2500000,2500000,,,,,Cap space,2500000
Richard Jefferson\jefferi01,CLE,2500000,2612500,,,,,Cap Space,2500000
Malcolm Delaney\delanma01,ATL,2500000,,,,,,Room Exception,2500000
Bam Adebayo\adebaba01,MIA,2490360,2955840,3454080,5115492,,,1st Round Pick,5446200
Bruno Caboclo\cabocbr01,TOR,2451225,,,,,,1st Round Pick,2451225
Ronnie Price\pricero01,OKC,2442455,,,,,,,2442455
Trey Lyles\lylestr01,UTA,2441400,3364249,,,,,1st round pick,2441400
Dario Saric\saricda01,PHI,2422560,2526840,3481986,,,,1st Round pick,2422560
Taurean Waller-Prince\princta02,ATL,2422560,2526840,3481986,,,,1st Round pick,2422560
Rodney Hood\hoodro01,UTA,2386864,,,,,,1st Round Pick,2386864
Justin Jackson\jacksju01,SAC,2365560,2807880,3280920,5029650,,,1st Round Pick,5173440
Shabazz Napier\napiesh01,POR,2361360,,,,,,1st Round Pick,2361360
Clint Capela\capelca01,HOU,2334520,,,,,,1st Round Pick,2334520
Nick Collison\collini01,OKC,2328652,,,,,,Minimum Salary,2328652
Raymond Felton\feltora01,OKC,2328652,,,,,,Minimum Salary,2328652
Udonis Haslem\hasleud01,MIA,2328652,,,,,,Minimum Salary,2328652
David West\westda01,GSW,2328652,,,,,,Minimum Salary,2328652
Jose Calderon\caldejo01,CLE,2328652,,,,,,Minimum Salary,2328652
Devin Booker\bookede01,PHO,2319360,3314365,,,,,1st round pick,2319360
Georgios Papagiannis\papagge01,SAC,2301360,2400480,3430288,,,,1st Round pick,2301360
Justin Patton\pattoju01,MIN,2247480,2667600,3117240,4781846,,,1st Round Pick,4915080
Guerschon Yabusele\yabusgu01,BOS,2247480,2667600,3117240,4781846,,,1st Round Pick,4915080
Monta Ellis\ellismo01,IND,2245400,2245400,2245400,2245400,2245400,,,11227000
Cameron Payne\payneca01,CHI,2203440,3263295,,,,,1st round pick,2203440
Denzel Valentine\valende01,CHI,2186400,2280600,3377569,,,,1st Round pick,2186400
Kyle Anderson\anderky01,SAS,2151704,,,,,,1st Round Pick,2151704
D.J. Wilson\wilsodj01,MIL,2135040,2534280,2961120,4548280,,,1st Round Pick,4669320
Matt Barnes\barnema02,SAC,2133542,2133542,2133541,,,,,6400625
Luc Mbah a Moute\mbahalu01,HOU,2116955,,,,,,Minimum Salary,2116955
Jeff Green\greenje02,CLE,2116955,,,,,,Minimum Salary,2116955
Derrick Rose\rosede01,CLE,2116955,,,,,,Minimum Salary,2116955
Omri Casspi\casspom01,GSW,2106470,,,,,,Minimum Salary,2106470
Mario Chalmers\chalmma01,MEM,2106407,,,,,,Minimum Salary,25000
Kelly Oubre\oubreke01,WAS,2093040,3208630,,,,,1st round pick,2093040
Juan Hernangomez\hernaju01,DEN,2076840,2166360,3321030,,,,1st Round pick,2076840
T.J. Leaf\leaftj01,IND,2028360,2407560,2813280,4326825,,,1st Round Pick,4435920
Tim Frazier\fraziti01,WAS,2000000,,,,,,Room exception,2000000
Anthony Tolliver\tollian01,SAC,2000000,,,,,,,2000000
Terry Rozier\roziete01,BOS,1988520,3050390,,,,,1st round pick,1988520
Kevin Seraphin\serapke01,IND,1974159,,,,,,,
John Collins\collijo01,ATL,1936920,2299080,2686560,4137302,,,1st Round Pick,4236000
Anderson Varejao\varejan01,POR,1913345,1913345,1913345,1913345,,,,7653380
Rashad Vaughn\vaughra01,MIL,1889040,2901565,,,,,1st round pick,1889040
Tim Duncan\duncati01,SAS,1881250,1881250,,,,,,3762500
Wade Baldwin\baldwwa01,MEM,1874400,1955160,3003126,,,,1st Round pick,1874400
Larry Sanders\sandela01,MIL,1865547,1865547,1865547,1865547,1865547,,,9327735
Harry Giles\gilesha01,SAC,1859400,2207040,2578800,3976510,,,1st Round Pick,4066440
Sam Dekker\dekkesa01,LAC,1794600,2760095,,,,,1st Round pick,1794600
Henry Ellenson\ellenhe01,DET,1780800,1857480,2856804,,,,1st Round pick,1780800
Eric Moreland\moreler01,DET,1739333,1826300,1913267,,,,MLE,500000
Jerian Grant\grantje02,CHI,1713840,2639314,,,,,1st Round pick,1713840
Jarrett Allen\allenja01,BRK,1713720,2034120,2376840,3909902,,,1st Round Pick,3747840
Mike Scott\scottmi01,WAS,1709538,,,,,,Minimum Salary,1709538
Jordan Crawford\crawfjo02,NOP,1709538,,,,,,,
Quincy Acy\acyqu01,BRK,1709538,,,,,,,
Malik Beasley\beaslma01,DEN,1700640,1773840,2731714,,,,1st Round pick,1700640
Mike Dunleavy\dunlemi02,ATL,1662500,,,,,,,1662500
OG Anunoby\anunoog01,TOR,1645200,1952760,2281800,3872215,,,1st Round Pick,3597960
Ante Zizic\zizican01,BOS,1645200,1952760,2281800,3872215,,,1st Round Pick,3597960
Delon Wright\wrighde01,TOR,1645200,2536898,,,,,1st Round pick,1645200
Caris LeVert\leverca01,BRK,1632480,1702800,2625718,,,,1st Round pick,1632480
Tyler Lydon\lydonty01,DEN,1579440,1874640,2190720,,,,1st Round Pick,3454080
Justin Anderson\anderju01,PHI,1579440,2516048,,,,,1st Round pick,1579440
DeAndre Liggins\liggide01,LAC,1577230,,,,,,Minimum Salary,26773
Robert Covington\covinro01,PHI,1577230,,,,,,,
Archie Goodwin\goodwar01,BRK,1577230,,,,,,,
DeAndre' Bembry\bembrde01,ATL,1567200,1634640,2603982,,,,1st Round pick,1567200
Jerami Grant\grantje01,OKC,1524305,,,,,,Draft Pick,1524305
Darius Miller\milleda01,NOP,1524305,1656092,,,,,Minimum Salary,1524305
Joe Harris\harrijo01,BRK,1524305,,,,,,Minimum Salary,1524305
Sean Kilpatrick\kilpase01,BRK,1524305,,,,,,Minimum Salary,1524305
Spencer Dinwiddie\dinwisp01,BRK,1524305,1656092,,,,,Minimum Salary,50000
Elijah Millsap\millsel01,PHO,1524305,,,,,,,
Glenn Robinson\robingl02,IND,1524305,,,,,,,
Johnny O'Bryant\obryajo01,CHO,1524305,,,,,,,
Bobby Portis\portibo01,CHI,1516320,2494346,,,,,1st Round pick,1516320
Malachi Richardson\richama01,SAC,1504560,1569360,2581597,,,,1st Round pick,1504560
Arron Afflalo\afflaar01,SAC,1500000,,,,,,,1500000
Chris McCullough\mcculch01,WAS,1471382,2243326,,,,,1st Round pick,1471382
Norman Powell\powelno01,TOR,1471382,,,,,,Cap Space,1471382
Josh Huestis\huestjo01,OKC,1471382,2243326,,,,,,1471382
Tyus Jones\jonesty01,MIN,1471382,2444053,,,,,1st Round pick,1471382
Josh Richardson\richajo01,MIA,1471382,,,,,,Minimum Salary,1471382
Jarell Martin\martija01,MEM,1471382,2416222,,,,,1st Round pick,1471382
Larry Nance Jr.\nancela02,LAL,1471382,2272391,,,,,1st Round pick,1471382
Montrezl Harrell\harremo01,LAC,1471382,,,,,,,1471382
Joe Young\youngjo01,IND,1471382,1600520,,,,,Cap Space,1471382
Kevon Looney\looneke01,GSW,1471382,2227081,,,,,1st Round pick,1471382
Salah Mejri\mejrisa01,DAL,1471382,,,,,,Minimum Salary,1471382
Rondae Hollis-Jefferson\holliro01,BRK,1471382,2470357,,,,,1st Round pick,1471382
Raul Neto\netora01,UTA,1471382,,,,,,,
Pat Connaughton\connapa01,POR,1471382,,,,,,,
Richaun Holmes\holmeri01,PHI,1471382,1600520,,,,,,
T.J. McConnell\mccontj01,PHI,1471382,1600520,,,,,,
Edy Tavares\tavarwa01,CLE,1471382,1600520,,,,,,
Briante Weber\weberbr01,CHO,1471382,,,,,,,
Caleb Swanigan\swanica01,POR,1465920,1740000,2033160,3665787,,,1st Round Pick,3205920
Furkan Korkmaz\korkmfu01,PHI,1465920,1740000,2033160,3665787,,,1st Round Pick,3205920
Willy Hernangomez\hernawi01,NYK,1435750,1544951,1701735,,,,Cap Space,2980701
Kyle Kuzma\kuzmaky01,LAL,1423560,1689840,1974600,3562178,,,1st Round Pick,3113400
Nikola Jokic\jokicni01,DEN,1417000,1475500,,,,,,1417000
Tony Bradley\bradlto01,UTA,1414920,1679520,1962360,3542060,,,1st Round Pick,3094440
Derrick White\whitede01,SAS,1404600,1667160,1948080,3516284,,,1st Round Pick,3071760
Josh Hart\hartjo01,LAL,1394520,1655160,1934160,3491159,,,1st Round Pick,3049680
Timothe Luwawu-Cabarrot\luwawti01,PHI,1386600,1544951,2529684,,,,1st Round pick,1386600
Kevin Martin\martike02,MIN,1360305,1360305,,,,,,2720610
Brice Johnson\johnsbr02,LAC,1331160,1544951,2500725,,,,1st Round pick,1331160
A.J. Hammons\hammoaj01,MIA,1312611,1544951,,,,,Cap Space,2857562
Deyonta Davis\davisde01,MEM,1312611,1544951,,,,,Cap Space,2857562
Chinanu Onuaku\onuakch01,HOU,1312611,1544951,,,,,Minimum Salary,2857562
Wayne Selden\seldewa01,MEM,1312611,1544951,,,,,,2085087
Cheick Diallo\diallch01,NOP,1312611,1544951,,,,,Minimum Salary,1812611
Joel Bolomboy\bolomjo01,UTA,1312611,1544951,,,,,Cap Space,1312611
Pascal Siakam\siakapa01,TOR,1312611,1544951,2351839,,,,1st Round pick,1312611
Dejounte Murray\murrade01,SAS,1312611,1544951,2321735,,,,1st Round pick,1312611
Davis Bertans\bertada01,SAS,1312611,,,,,,Minimum Salary,1312611
Skal Labissiere\labissk01,SAC,1312611,1544951,2338847,,,,1st Round pick,1312611
Jake Layman\laymaja01,POR,1312611,1544951,,,,,Cap Space,1312611
Tyler Ulis\ulisty01,PHO,1312611,1544951,1676735,,,,Cap Space,1312611
Semaj Christon\chrisse01,OKC,1312611,1544951,,,,,Minimum Salary,1312611
Malcolm Brogdon\brogdma01,MIL,1312611,1544951,,,,,Cap Space,1312611
Andrew Harrison\harrian01,MEM,1312611,1544951,,,,,Cap Space,1312611
Ivica Zubac\zubaciv01,LAL,1312611,1544951,,,,,Cap Space,1312611
Damian Jones\jonesda03,GSW,1312611,1544951,2305057,,,,1st Round pick,1312611
Patrick McCaw\mccawpa01,GSW,1312611,,,,,,Minimum Salary,1312611
Yogi Ferrell\ferreyo01,DAL,1312611,,,,,,Minimum Salary,1312611
Paul Zipser\zipsepa01,CHI,1312611,1544951,1676735,,,,Cap Space,1312611
Isaiah Whitehead\whiteis01,BRK,1312611,1544951,1676735,,,,Cap Space,1312611
Diamond Stone\stonedi01,ATL,1312611,,,,,,Minimum Salary,1312611
Nicolas Brussino\brussni01,ATL,1312611,1544951,,,,,Minimum Salary,1312611
Kay Felder\feldeka01,CLE,1312611,1544951,,,,,Minimum Salary,456529
Okaro White\whiteok01,MIA,1312611,,,,,,Minimum Salary,226312
Daniel Ochefu\ochefda01,WAS,1312611,1544951,,,,,Cap Space,50000
Sheldon McClellan\mcclesh01,WAS,1312611,,,,,,Minimum Salary,50000
Quinn Cook\cookqu01,NOP,1312611,,,,,,,50000
Fred VanVleet\vanvlfr01,TOR,1312611,,,,,,,
Bryn Forbes\forbebr01,SAS,1312611,,,,,,,
Derrick Jones\jonesde02,PHO,1312611,1544951,,,,,,
Patricio Garino\garinpa01,ORL,1312611,,,,,,,
Marcus Georges-Hunt\georgma01,ORL,1312611,,,,,,,
Chasson Randle\randlch01,NYK,1312611,,,,,,,
Gary Payton\paytoga02,MIL,1312611,,,,,,,
Rodney McGruder\mcgruro01,MIA,1312611,1544951,,,,,,
Shawn Long\longsh01,HOU,1312611,1544951,,,,,,
Isaiah Taylor\taylois01,HOU,1312611,1544951,,,,,,
Jarrod Uthoff\uthofja01,HOU,1312611,,,,,,,
Tim Quarterman\quartti01,HOU,1312611,,,,,,,
Dorian Finney-Smith\finnedo01,DAL,1312611,1544951,,,,,,
Treveon Graham\grahatr01,CHO,1312611,,,,,,,
David Nwaba\nwabada01,CHI,1312611,,,,,,,
Semi Ojeleye\ojelese01,BOS,1291892,1378242,1618520,1752950,,,,2193857
Frank Mason\masonfr01,SAC,1184385,1378242,1618520,,,,,2562627
Abdel Nader\naderab01,BOS,1167333,1378242,1618520,1752950,,,,1617333
Paul Pierce\piercpa01,LAC,1096080,,,,,,,1096080
Livio Jean-Charles\jeancli01,SAS,1035200,,,,,,,1035200
Gerald Henderson\hendege02,PHI,1000000,,,,,,,1000000
Rade Zagorac\zagorra01,MEM,950000,1378242,1618520,,,,MLE,2328242
Jason Thompson\thompja02,GSW,945126,945126,,,,,,1890252
Martell Webster\webstma02,WAS,830000,830000,,,,,,1660000
Frank Jackson\jacksfr01,NOP,815615,1378242,1618520,,,,MLE,2699857
Jordan Bell\belljo01,GSW,815615,1378252,,,,,Minimum Salary,2193867
Dakari Johnson\johnsda04,OKC,815615,1378242,,,,,,2193857
Sterling Brown\brownst02,MIL,815615,1378242,1618520,,,,MLE,2193857
Dillon Brooks\brookdi01,MEM,815615,1378242,1618520,,,,,2193857
Jawun Evans\evansja01,LAC,815615,1378242,,,,,MLE,2193857
Dwayne Bacon\bacondw01,CHO,815615,1378242,1618520,,,,MLE,2193857
Tyler Dorsey\dorsety01,ATL,815615,1378242,,,,,Minimum Salary,2193857
Davon Reed\reedda01,PHO,815615,1378242,1618520,,,,Minimum Salary,1504736
Wesley Iwundu\iwundwe01,ORL,815615,1378242,1618520,,,,,815615
Tyler Ennis\ennisty01,LAL,815615,1378242,,,,,Minimum Salary,815615
Troy Williams\willitr02,HOU,815615,1378242,1618520,,,,Non-Bird Rights,815615
Maxi Kleber\klebima01,DAL,815615,1378242,,,,,Minimum Salary,815615
Daniel Theis\theisda01,BOS,815615,1378242,,,,,Minimum Salary,815615
Cameron Oliver\oliveca01,HOU,815615,1378242,,,,,Minimum Salary,300000
Brandon Paul\paulbr01,SAS,815615,,,,,,,
Matt Williams\willima05,MIA,815615,,,,,,,
Jeremy Morgan\morgaje01,MEM,815615,,,,,,,
Ike Anigbogu\anigbik01,IND,815615,,,,,,,
Landry Nnoko\nnokola01,DET,815615,,,,,,,
Carlos Delfino\delfica01,LAC,650000,650000,,,,,,1300000
Caron Butler\butleca01,SAC,517220,517220,,,,,,1034440
Jordan Farmar\farmajo01,LAC,510921,,,,,,,510921
Leandro Barbosa\barbole01,PHO,500000,,,,,,,500000
Tibor Pleiss\pleisti01,PHI,500000,,,,,,,500000
Michael Gbinije\gbinimi01,DET,500000,,,,,,,500000
Aaron Gray\grayaa01,DET,452059,,,,,,,452059
Festus Ezeli\ezelife01,POR,333334,333333,333333,,,,,1000000
C.J. Watson\watsocj01,ORL,333334,333333,333333,,,,,1000000
Gal Mekel\mekelga01,DAL,315760,,,,,,,315760
Miroslav Raduljica\radulmi01,LAC,300000,300000,,,,,,600000
Isaiah Canaan\canaais01,CHI,200000,,,,,,,200000
Marshall Plumlee\plumlma02,NYK,100000,,,,,,,100000
Georges Niang\niangge01,IND,100000,,,,,,,100000
Demetrius Jackson\jacksde01,BOS,92858,92857,92857,92857,92857,,,650000
Rakeem Christmas\chrisra01,IND,50000,,,,,,,50000
Axel Toupane\toupaax01,NOP,25000,,,,,,,25000